-- phpMyAdmin SQL Dump
-- version 5.2.1
-- https://www.phpmyadmin.net/
--
-- Host: 127.0.0.1
-- Generation Time: 02 مايو 2026 الساعة 22:11
-- إصدار الخادم: 10.4.28-MariaDB
-- PHP Version: 8.2.4

SET SQL_MODE = "NO_AUTO_VALUE_ON_ZERO";
START TRANSACTION;
SET time_zone = "+00:00";


/*!40101 SET @OLD_CHARACTER_SET_CLIENT=@@CHARACTER_SET_CLIENT */;
/*!40101 SET @OLD_CHARACTER_SET_RESULTS=@@CHARACTER_SET_RESULTS */;
/*!40101 SET @OLD_COLLATION_CONNECTION=@@COLLATION_CONNECTION */;
/*!40101 SET NAMES utf8mb4 */;

--
-- Database: `alhasa`
--

-- --------------------------------------------------------

--
-- بنية الجدول `available_dates`
--

CREATE TABLE `available_dates` (
  `date_id` int(11) NOT NULL,
  `location_id` int(11) NOT NULL,
  `available_date` date NOT NULL
) ENGINE=InnoDB DEFAULT CHARSET=utf8mb4 COLLATE=utf8mb4_general_ci;

--
-- إرجاع أو استيراد بيانات الجدول `available_dates`
--

INSERT INTO `available_dates` (`date_id`, `location_id`, `available_date`) VALUES
(1, 1, '2025-10-05'),
(2, 1, '2025-10-06'),
(3, 1, '2025-10-07'),
(4, 1, '2025-10-08'),
(5, 1, '2025-10-09'),
(6, 1, '2025-10-10'),
(7, 1, '2025-10-11'),
(8, 2, '2025-10-05'),
(9, 2, '2025-10-06'),
(10, 2, '2025-10-07'),
(11, 2, '2025-10-08'),
(12, 2, '2025-10-09'),
(13, 2, '2025-10-10'),
(14, 2, '2025-10-11'),
(15, 3, '2025-10-05'),
(16, 3, '2025-10-06'),
(17, 3, '2025-10-07'),
(18, 3, '2025-10-08'),
(19, 3, '2025-10-09'),
(20, 3, '2025-10-10'),
(21, 3, '2025-10-11'),
(22, 1, '2025-10-12'),
(23, 1, '2025-10-13'),
(24, 1, '2025-10-14'),
(25, 1, '2025-10-15'),
(26, 1, '2025-10-16'),
(27, 1, '2025-10-17'),
(28, 1, '2025-10-18'),
(29, 2, '2025-10-12'),
(30, 2, '2025-10-13'),
(31, 2, '2025-10-14'),
(32, 2, '2025-10-15'),
(33, 2, '2025-10-16'),
(34, 2, '2025-10-17'),
(35, 2, '2025-10-18'),
(36, 3, '2025-10-12'),
(37, 3, '2025-10-13'),
(38, 3, '2025-10-14'),
(39, 3, '2025-10-15'),
(40, 3, '2025-10-16'),
(41, 3, '2025-10-17'),
(42, 3, '2025-10-18');

-- --------------------------------------------------------

--
-- بنية الجدول `available_times`
--

CREATE TABLE `available_times` (
  `time_id` int(11) NOT NULL,
  `date_id` int(11) NOT NULL,
  `available_time_start` time NOT NULL,
  `available_time_end` time NOT NULL
) ENGINE=InnoDB DEFAULT CHARSET=utf8mb4 COLLATE=utf8mb4_general_ci;

--
-- إرجاع أو استيراد بيانات الجدول `available_times`
--

INSERT INTO `available_times` (`time_id`, `date_id`, `available_time_start`, `available_time_end`) VALUES
(1, 1, '07:00:00', '09:00:00'),
(2, 2, '07:00:00', '09:00:00'),
(3, 3, '07:00:00', '09:00:00'),
(4, 4, '07:00:00', '09:00:00'),
(5, 5, '07:00:00', '09:00:00'),
(6, 6, '07:00:00', '09:00:00'),
(7, 7, '07:00:00', '09:00:00'),
(8, 1, '09:00:00', '11:00:00'),
(9, 2, '09:00:00', '11:00:00'),
(10, 3, '09:00:00', '11:00:00'),
(11, 4, '09:00:00', '11:00:00'),
(12, 5, '09:00:00', '11:00:00'),
(13, 6, '09:00:00', '11:00:00'),
(14, 7, '09:00:00', '11:00:00'),
(15, 1, '11:00:00', '13:00:00'),
(16, 2, '11:00:00', '13:00:00'),
(17, 3, '11:00:00', '13:00:00'),
(18, 4, '11:00:00', '13:00:00'),
(19, 5, '11:00:00', '13:00:00'),
(20, 6, '11:00:00', '13:00:00'),
(21, 7, '11:00:00', '13:00:00'),
(22, 1, '13:00:00', '15:00:00'),
(23, 2, '13:00:00', '15:00:00'),
(24, 3, '13:00:00', '15:00:00'),
(25, 4, '13:00:00', '15:00:00'),
(26, 5, '13:00:00', '15:00:00'),
(27, 6, '13:00:00', '15:00:00'),
(28, 7, '13:00:00', '15:00:00'),
(29, 1, '15:00:00', '17:00:00'),
(30, 2, '15:00:00', '17:00:00'),
(31, 3, '15:00:00', '17:00:00'),
(32, 4, '15:00:00', '17:00:00'),
(33, 5, '15:00:00', '17:00:00'),
(34, 6, '15:00:00', '17:00:00'),
(35, 7, '15:00:00', '17:00:00'),
(36, 1, '17:00:00', '19:00:00'),
(37, 2, '17:00:00', '19:00:00'),
(38, 3, '17:00:00', '19:00:00'),
(39, 4, '17:00:00', '19:00:00'),
(40, 5, '17:00:00', '19:00:00'),
(41, 6, '17:00:00', '19:00:00'),
(42, 7, '17:00:00', '19:00:00'),
(43, 8, '07:00:00', '09:00:00'),
(44, 9, '07:00:00', '09:00:00'),
(45, 10, '07:00:00', '09:00:00'),
(46, 11, '07:00:00', '09:00:00'),
(47, 12, '07:00:00', '09:00:00'),
(48, 13, '07:00:00', '09:00:00'),
(49, 14, '07:00:00', '09:00:00'),
(50, 8, '09:00:00', '11:00:00'),
(51, 9, '09:00:00', '11:00:00'),
(52, 10, '09:00:00', '11:00:00'),
(53, 11, '09:00:00', '11:00:00'),
(54, 12, '09:00:00', '11:00:00'),
(55, 13, '09:00:00', '11:00:00'),
(56, 14, '09:00:00', '11:00:00'),
(57, 8, '11:00:00', '13:00:00'),
(58, 9, '11:00:00', '13:00:00'),
(59, 10, '11:00:00', '13:00:00'),
(60, 11, '11:00:00', '13:00:00'),
(61, 12, '11:00:00', '13:00:00'),
(62, 13, '11:00:00', '13:00:00'),
(63, 14, '11:00:00', '13:00:00'),
(64, 8, '13:00:00', '15:00:00'),
(65, 9, '13:00:00', '15:00:00'),
(66, 10, '13:00:00', '15:00:00'),
(67, 11, '13:00:00', '15:00:00'),
(68, 12, '13:00:00', '15:00:00'),
(69, 13, '13:00:00', '15:00:00'),
(70, 14, '13:00:00', '15:00:00'),
(71, 8, '15:00:00', '17:00:00'),
(72, 9, '15:00:00', '17:00:00'),
(73, 10, '15:00:00', '17:00:00'),
(74, 11, '15:00:00', '17:00:00'),
(75, 12, '15:00:00', '17:00:00'),
(76, 13, '15:00:00', '17:00:00'),
(77, 14, '15:00:00', '17:00:00'),
(78, 8, '17:00:00', '19:00:00'),
(79, 9, '17:00:00', '19:00:00'),
(80, 10, '17:00:00', '19:00:00'),
(81, 11, '17:00:00', '19:00:00'),
(82, 12, '17:00:00', '19:00:00'),
(83, 13, '17:00:00', '19:00:00'),
(84, 14, '17:00:00', '19:00:00'),
(85, 15, '07:00:00', '09:00:00'),
(86, 16, '07:00:00', '09:00:00'),
(87, 17, '07:00:00', '09:00:00'),
(88, 18, '07:00:00', '09:00:00'),
(89, 19, '07:00:00', '09:00:00'),
(90, 20, '07:00:00', '09:00:00'),
(91, 21, '07:00:00', '09:00:00'),
(92, 15, '09:00:00', '11:00:00'),
(93, 16, '09:00:00', '11:00:00'),
(94, 17, '09:00:00', '11:00:00'),
(95, 18, '09:00:00', '11:00:00'),
(96, 19, '09:00:00', '11:00:00'),
(97, 20, '09:00:00', '11:00:00'),
(98, 21, '09:00:00', '11:00:00'),
(99, 15, '11:00:00', '13:00:00'),
(100, 16, '11:00:00', '13:00:00'),
(101, 17, '11:00:00', '13:00:00'),
(102, 18, '11:00:00', '13:00:00'),
(103, 19, '11:00:00', '13:00:00'),
(104, 20, '11:00:00', '13:00:00'),
(105, 21, '11:00:00', '13:00:00'),
(106, 15, '13:00:00', '15:00:00'),
(107, 16, '13:00:00', '15:00:00'),
(108, 17, '13:00:00', '15:00:00'),
(109, 18, '13:00:00', '15:00:00'),
(110, 19, '13:00:00', '15:00:00'),
(111, 20, '13:00:00', '15:00:00'),
(112, 21, '13:00:00', '15:00:00'),
(113, 15, '15:00:00', '17:00:00'),
(114, 16, '15:00:00', '17:00:00'),
(115, 17, '15:00:00', '17:00:00'),
(116, 18, '15:00:00', '17:00:00'),
(117, 19, '15:00:00', '17:00:00'),
(118, 20, '15:00:00', '17:00:00'),
(119, 21, '15:00:00', '17:00:00'),
(120, 15, '17:00:00', '19:00:00'),
(121, 16, '17:00:00', '19:00:00'),
(122, 17, '17:00:00', '19:00:00'),
(123, 18, '17:00:00', '19:00:00'),
(124, 19, '17:00:00', '19:00:00'),
(125, 20, '17:00:00', '19:00:00'),
(126, 21, '17:00:00', '19:00:00'),
(127, 22, '07:00:00', '09:00:00'),
(128, 22, '09:00:00', '11:00:00'),
(129, 22, '11:00:00', '13:00:00'),
(130, 22, '13:00:00', '15:00:00'),
(131, 22, '15:00:00', '17:00:00'),
(132, 22, '17:00:00', '19:00:00'),
(133, 23, '07:00:00', '09:00:00'),
(134, 23, '09:00:00', '11:00:00'),
(135, 23, '11:00:00', '13:00:00'),
(136, 23, '13:00:00', '15:00:00'),
(137, 23, '15:00:00', '17:00:00'),
(138, 23, '17:00:00', '19:00:00'),
(139, 24, '07:00:00', '09:00:00'),
(140, 24, '09:00:00', '11:00:00'),
(141, 24, '11:00:00', '13:00:00'),
(142, 24, '13:00:00', '15:00:00'),
(143, 24, '15:00:00', '17:00:00'),
(144, 24, '17:00:00', '19:00:00'),
(145, 25, '07:00:00', '09:00:00'),
(146, 25, '09:00:00', '11:00:00'),
(147, 25, '11:00:00', '13:00:00'),
(148, 25, '13:00:00', '15:00:00'),
(149, 25, '15:00:00', '17:00:00'),
(150, 25, '17:00:00', '19:00:00'),
(151, 26, '07:00:00', '09:00:00'),
(152, 26, '09:00:00', '11:00:00'),
(153, 26, '11:00:00', '13:00:00'),
(154, 26, '13:00:00', '15:00:00'),
(155, 26, '15:00:00', '17:00:00'),
(156, 26, '17:00:00', '19:00:00'),
(157, 27, '07:00:00', '09:00:00'),
(158, 27, '09:00:00', '11:00:00'),
(159, 27, '11:00:00', '13:00:00'),
(160, 27, '13:00:00', '15:00:00'),
(161, 27, '15:00:00', '17:00:00'),
(162, 27, '17:00:00', '19:00:00'),
(163, 28, '07:00:00', '09:00:00'),
(164, 28, '09:00:00', '11:00:00'),
(165, 28, '11:00:00', '13:00:00'),
(166, 28, '13:00:00', '15:00:00'),
(167, 28, '15:00:00', '17:00:00'),
(168, 28, '17:00:00', '19:00:00'),
(169, 29, '07:00:00', '09:00:00'),
(170, 29, '09:00:00', '11:00:00'),
(171, 29, '11:00:00', '13:00:00'),
(172, 29, '13:00:00', '15:00:00'),
(173, 29, '15:00:00', '17:00:00'),
(174, 29, '17:00:00', '19:00:00'),
(175, 30, '07:00:00', '09:00:00'),
(176, 30, '09:00:00', '11:00:00'),
(177, 30, '11:00:00', '13:00:00'),
(178, 30, '13:00:00', '15:00:00'),
(179, 30, '15:00:00', '17:00:00'),
(180, 30, '17:00:00', '19:00:00'),
(181, 31, '07:00:00', '09:00:00'),
(182, 31, '09:00:00', '11:00:00'),
(183, 31, '11:00:00', '13:00:00'),
(184, 31, '13:00:00', '15:00:00'),
(185, 31, '15:00:00', '17:00:00'),
(186, 31, '17:00:00', '19:00:00'),
(187, 32, '07:00:00', '09:00:00'),
(188, 32, '09:00:00', '11:00:00'),
(189, 32, '11:00:00', '13:00:00'),
(190, 32, '13:00:00', '15:00:00'),
(191, 32, '15:00:00', '17:00:00'),
(192, 32, '17:00:00', '19:00:00'),
(193, 33, '07:00:00', '09:00:00'),
(194, 33, '09:00:00', '11:00:00'),
(195, 33, '11:00:00', '13:00:00'),
(196, 33, '13:00:00', '15:00:00'),
(197, 33, '15:00:00', '17:00:00'),
(198, 33, '17:00:00', '19:00:00'),
(199, 34, '07:00:00', '09:00:00'),
(200, 34, '09:00:00', '11:00:00'),
(201, 34, '11:00:00', '13:00:00'),
(202, 34, '13:00:00', '15:00:00'),
(203, 34, '15:00:00', '17:00:00'),
(204, 34, '17:00:00', '19:00:00'),
(205, 35, '07:00:00', '09:00:00'),
(206, 35, '09:00:00', '11:00:00'),
(207, 35, '11:00:00', '13:00:00'),
(208, 35, '13:00:00', '15:00:00'),
(209, 35, '15:00:00', '17:00:00'),
(210, 35, '17:00:00', '19:00:00'),
(211, 36, '07:00:00', '09:00:00'),
(212, 36, '09:00:00', '11:00:00'),
(213, 36, '11:00:00', '13:00:00'),
(214, 36, '13:00:00', '15:00:00'),
(215, 36, '15:00:00', '17:00:00'),
(216, 36, '17:00:00', '19:00:00'),
(217, 37, '07:00:00', '09:00:00'),
(218, 37, '09:00:00', '11:00:00'),
(219, 37, '11:00:00', '13:00:00'),
(220, 37, '13:00:00', '15:00:00'),
(221, 37, '15:00:00', '17:00:00'),
(222, 37, '17:00:00', '19:00:00'),
(223, 38, '07:00:00', '09:00:00'),
(224, 38, '09:00:00', '11:00:00'),
(225, 38, '11:00:00', '13:00:00'),
(226, 38, '13:00:00', '15:00:00'),
(227, 38, '15:00:00', '17:00:00'),
(228, 38, '17:00:00', '19:00:00'),
(229, 39, '07:00:00', '09:00:00'),
(230, 39, '09:00:00', '11:00:00'),
(231, 39, '11:00:00', '13:00:00'),
(232, 39, '13:00:00', '15:00:00'),
(233, 39, '15:00:00', '17:00:00'),
(234, 39, '17:00:00', '19:00:00'),
(235, 40, '07:00:00', '09:00:00'),
(236, 40, '09:00:00', '11:00:00'),
(237, 40, '11:00:00', '13:00:00'),
(238, 40, '13:00:00', '15:00:00'),
(239, 40, '15:00:00', '17:00:00'),
(240, 40, '17:00:00', '19:00:00'),
(241, 41, '07:00:00', '09:00:00'),
(242, 41, '09:00:00', '11:00:00'),
(243, 41, '11:00:00', '13:00:00'),
(244, 41, '13:00:00', '15:00:00'),
(245, 41, '15:00:00', '17:00:00'),
(246, 41, '17:00:00', '19:00:00'),
(247, 42, '07:00:00', '09:00:00'),
(248, 42, '09:00:00', '11:00:00'),
(249, 42, '11:00:00', '13:00:00'),
(250, 42, '13:00:00', '15:00:00'),
(251, 42, '15:00:00', '17:00:00'),
(252, 42, '17:00:00', '19:00:00');

-- --------------------------------------------------------

--
-- بنية الجدول `locations`
--

CREATE TABLE `locations` (
  `location_id` int(11) NOT NULL,
  `location_name` varchar(100) NOT NULL
) ENGINE=InnoDB DEFAULT CHARSET=utf8mb4 COLLATE=utf8mb4_general_ci;

--
-- إرجاع أو استيراد بيانات الجدول `locations`
--

INSERT INTO `locations` (`location_id`, `location_name`) VALUES
(1, 'مشتل الأمانة'),
(2, 'مخيم الأمانة بالعقير'),
(3, 'قاعة هجر');

-- --------------------------------------------------------

--
-- بنية الجدول `permits`
--

CREATE TABLE `permits` (
  `permit_id` int(11) NOT NULL,
  `user_id` varchar(20) NOT NULL,
  `location_id` int(11) NOT NULL,
  `date_id` int(11) NOT NULL,
  `time_id` int(11) NOT NULL,
  `permit_number` varchar(50) NOT NULL,
  `barcode` varchar(255) NOT NULL,
  `status` enum('نشط','مكتمل','منتهي') DEFAULT 'نشط',
  `created_at` timestamp NOT NULL DEFAULT current_timestamp(),
  `expires_at` date DEFAULT NULL
) ENGINE=InnoDB DEFAULT CHARSET=utf8mb4 COLLATE=utf8mb4_general_ci;

--
-- إرجاع أو استيراد بيانات الجدول `permits`
--

INSERT INTO `permits` (`permit_id`, `user_id`, `location_id`, `date_id`, `time_id`, `permit_number`, `barcode`, `status`, `created_at`, `expires_at`) VALUES
(1, '1001', 3, 18, 88, 'PRM202510072240025302', 'PRM202510072240025302', 'نشط', '2025-10-07 20:40:02', '2025-10-09'),
(2, '1002', 2, 11, 46, 'PRM202510072242373053', 'PRM202510072242373053', 'نشط', '2025-10-07 20:42:37', '2025-10-09'),
(3, '1002', 2, 11, 46, 'PRM202510072244484493', 'PRM202510072244484493', 'نشط', '2025-10-07 20:44:48', '2025-10-09'),
(4, '1002', 2, 12, 54, 'PRM202510072249315831', 'PRM202510072249315831', 'نشط', '2025-10-07 20:49:31', '2025-10-10'),
(5, '1001', 1, 3, 24, 'PRM202510072251268128', 'PRM202510072251268128', 'نشط', '2025-10-07 20:51:26', '2025-10-08'),
(6, '1002', 3, 20, 104, 'PRM202510072254056017', 'PRM202510072254056017', 'نشط', '2025-10-07 20:54:05', '2025-10-11'),
(7, '1001', 2, 29, 169, 'PRM202510120213315945', 'PRM202510120213315945', 'نشط', '2025-10-12 00:13:31', '2025-10-13'),
(8, '1001', 1, 23, 136, 'PRM202510120219497910', 'PRM202510120219497910', 'نشط', '2025-10-12 00:19:49', '2025-10-14'),
(9, '1002', 1, 24, 139, 'PRM202510121646214438', 'PRM202510121646214438', 'نشط', '2025-10-12 14:46:21', '2025-10-15'),
(10, '1001', 2, 32, 189, 'PRM202510121702485541', 'PRM202510121702485541', 'نشط', '2025-10-12 15:02:48', '2025-10-16'),
(11, '1001', 3, 38, 223, 'PRM202510131509411822', 'PRM202510131509411822', 'نشط', '2025-10-13 13:09:41', '2025-10-15'),
(12, '1001', 2, 34, 203, 'PRM202510131522528814', 'PRM202510131522528814', 'نشط', '2025-10-13 13:22:52', '2025-10-18'),
(13, '1001', 1, 26, 151, 'PRM202510140928284778', 'PRM202510140928284778', 'نشط', '2025-10-14 07:28:28', '2025-10-17');

--
-- القوادح `permits`
--
DELIMITER $$
CREATE TRIGGER `set_expires_at` BEFORE INSERT ON `permits` FOR EACH ROW BEGIN
  DECLARE selected_date DATE;
  SELECT available_date INTO selected_date
  FROM Available_Dates
  WHERE date_id = NEW.date_id;

  SET NEW.expires_at = DATE_ADD(selected_date, INTERVAL 1 DAY);
END
$$
DELIMITER ;

-- --------------------------------------------------------

--
-- بنية الجدول `users`
--

CREATE TABLE `users` (
  `user_id` varchar(20) NOT NULL,
  `username` varchar(20) NOT NULL,
  `password` varchar(255) NOT NULL,
  `full_name` varchar(100) NOT NULL,
  `email` varchar(100) DEFAULT NULL,
  `phone_number` varchar(20) DEFAULT NULL
) ENGINE=InnoDB DEFAULT CHARSET=utf8mb4 COLLATE=utf8mb4_general_ci;

--
-- إرجاع أو استيراد بيانات الجدول `users`
--

INSERT INTO `users` (`user_id`, `username`, `password`, `full_name`, `email`, `phone_number`) VALUES
('1001', '4221001', 'e10adc3949ba59abbe56e057f20f883e', 'ندى وليد', 'nada@gmail.com', '0501111111'),
('1002', '4221002', 'e10adc3949ba59abbe56e057f20f883e', 'منار أحمد', 'manar@gmail.com', '0502222222'),
('1003', '4221003', 'e10adc3949ba59abbe56e057f20f883e', 'كوثر العنزي', 'kwther@gmail.com', '0503333333'),
('1004', '4221004', 'e10adc3949ba59abbe56e057f20f883e', 'روابي عبدالله', 'rowabi@gmail.com', '0504444444');

--
-- Indexes for dumped tables
--

--
-- Indexes for table `available_dates`
--
ALTER TABLE `available_dates`
  ADD PRIMARY KEY (`date_id`),
  ADD KEY `location_id` (`location_id`);

--
-- Indexes for table `available_times`
--
ALTER TABLE `available_times`
  ADD PRIMARY KEY (`time_id`),
  ADD KEY `date_id` (`date_id`);

--
-- Indexes for table `locations`
--
ALTER TABLE `locations`
  ADD PRIMARY KEY (`location_id`);

--
-- Indexes for table `permits`
--
ALTER TABLE `permits`
  ADD PRIMARY KEY (`permit_id`),
  ADD UNIQUE KEY `permit_number` (`permit_number`),
  ADD KEY `user_id` (`user_id`),
  ADD KEY `location_id` (`location_id`),
  ADD KEY `date_id` (`date_id`),
  ADD KEY `time_id` (`time_id`);

--
-- Indexes for table `users`
--
ALTER TABLE `users`
  ADD PRIMARY KEY (`user_id`),
  ADD UNIQUE KEY `username` (`username`);

--
-- AUTO_INCREMENT for dumped tables
--

--
-- AUTO_INCREMENT for table `available_dates`
--
ALTER TABLE `available_dates`
  MODIFY `date_id` int(11) NOT NULL AUTO_INCREMENT, AUTO_INCREMENT=43;

--
-- AUTO_INCREMENT for table `available_times`
--
ALTER TABLE `available_times`
  MODIFY `time_id` int(11) NOT NULL AUTO_INCREMENT, AUTO_INCREMENT=253;

--
-- AUTO_INCREMENT for table `locations`
--
ALTER TABLE `locations`
  MODIFY `location_id` int(11) NOT NULL AUTO_INCREMENT, AUTO_INCREMENT=4;

--
-- AUTO_INCREMENT for table `permits`
--
ALTER TABLE `permits`
  MODIFY `permit_id` int(11) NOT NULL AUTO_INCREMENT, AUTO_INCREMENT=14;

--
-- قيود الجداول المُلقاة.
--

--
-- قيود الجداول `available_dates`
--
ALTER TABLE `available_dates`
  ADD CONSTRAINT `available_dates_ibfk_1` FOREIGN KEY (`location_id`) REFERENCES `locations` (`location_id`);

--
-- قيود الجداول `available_times`
--
ALTER TABLE `available_times`
  ADD CONSTRAINT `available_times_ibfk_1` FOREIGN KEY (`date_id`) REFERENCES `available_dates` (`date_id`);

--
-- قيود الجداول `permits`
--
ALTER TABLE `permits`
  ADD CONSTRAINT `permits_ibfk_1` FOREIGN KEY (`user_id`) REFERENCES `users` (`user_id`),
  ADD CONSTRAINT `permits_ibfk_2` FOREIGN KEY (`location_id`) REFERENCES `locations` (`location_id`),
  ADD CONSTRAINT `permits_ibfk_3` FOREIGN KEY (`date_id`) REFERENCES `available_dates` (`date_id`),
  ADD CONSTRAINT `permits_ibfk_4` FOREIGN KEY (`time_id`) REFERENCES `available_times` (`time_id`);

DELIMITER $$
--
-- أحداث
--
CREATE DEFINER=`root`@`localhost` EVENT `auto_update_dates_times` ON SCHEDULE EVERY 1 WEEK STARTS '2025-10-11 00:00:00' ON COMPLETION NOT PRESERVE ENABLE DO BEGIN
    DECLARE loc_id INT DEFAULT 1;
    DECLARE day_offset INT;

    label_outer: WHILE loc_id <= 3 DO
        SET day_offset = 0;

        WHILE day_offset < 7 DO
            -- إضافة التاريخ للموقع
            INSERT INTO Available_Dates (location_id, available_date)
            VALUES (loc_id, DATE_ADD(CURDATE(), INTERVAL day_offset DAY));

            -- جلب الـ date_id الجديد
            SET @date_id = LAST_INSERT_ID();

            -- إضافة 6 أوقات لكل يوم
            INSERT INTO Available_Times (date_id, available_time_start, available_time_end)
            VALUES
                (@date_id, '07:00:00', '09:00:00'),
                (@date_id, '09:00:00', '11:00:00'),
                (@date_id, '11:00:00', '13:00:00'),
                (@date_id, '13:00:00', '15:00:00'),
                (@date_id, '15:00:00', '17:00:00'),
                (@date_id, '17:00:00', '19:00:00');

            SET day_offset = day_offset + 1;
        END WHILE;

        SET loc_id = loc_id + 1;
    END WHILE label_outer;
END$$

DELIMITER ;
COMMIT;

/*!40101 SET CHARACTER_SET_CLIENT=@OLD_CHARACTER_SET_CLIENT */;
/*!40101 SET CHARACTER_SET_RESULTS=@OLD_CHARACTER_SET_RESULTS */;
/*!40101 SET COLLATION_CONNECTION=@OLD_COLLATION_CONNECTION */;
